<?xml version="1.0" encoding="UTF-8"?>
<urn:PluginConfiguration isInheritExtendedContractAttributes="false" name="simple" xmlns:urn="urn:sourceid.org:saml2:adapter:conf">
    <urn:Fields/>
    <urn:AdvancedFields/>
    <urn:Tables>
        <urn:Table name="Users">
            <urn:Row defaultRow="false">
                <urn:Field name="Username">joe</urn:Field>
                <urn:Field name="Password">vbQdDtUUZHV4t9tTfe_XTSQ3pE3CIx3QeGT3lOTdoAk.elvfvWl2.2</urn:Field>
                <urn:Field name="Confirm Password">SzLwJjLzFT6ARJvIuUXc0-cYlKgcegveL_v0NyOTVOY.ASCoQLCI.2</urn:Field>
                <urn:Field name="Relax Password Requirements">true</urn:Field>
            </urn:Row>
        </urn:Table>
    </urn:Tables>
</urn:PluginConfiguration>