<?xml version="1.0" encoding="UTF-8"?>
<Configuration monitorInterval="30" status="WARN">
    <Appenders>
        <!-- Console appender -->
        <Console name="console" target="SYSTEM_OUT">
            <PatternLayout pattern="%style{%d{ABSOLUTE}}{magenta} %highlight{%-5p} [%style{%c}{cyan}] %m%n"/>
        </Console>

        <!-- Default server log appender -->
        <RollingFile name="file" fileName="${sys:path.applogger.prop}"
                     filePattern="${sys:path.applogger.prop}-%d{yyyy-MM-dd}-%i.log.gz">
            <PatternLayout>
                <pattern>%d{yyyy-MM-dd HH:mm:ss} %-5p %c{10}:%L - %m%n</pattern>
            </PatternLayout>
            <Policies>
                <TimeBasedTriggeringPolicy/>
                <SizeBasedTriggeringPolicy size="100 MB"/>
            </Policies>
            <DefaultRolloverStrategy max="10"/>
        </RollingFile>


        <!-- API Audit appender -->
        <RollingFile name="fileapiaudit" fileName="${sys:path.apilogger.prop}"
                     filePattern="${sys:path.apilogger.prop}-%d{yyyy-MM-dd}-%i.log.gz">
            <PatternLayout>
                <pattern>%d{yyyy-MM-dd HH:mm:ss} | %c{10} %m%n</pattern>
            </PatternLayout>
            <Policies>
                <TimeBasedTriggeringPolicy/>
                <SizeBasedTriggeringPolicy size="100 MB"/>
            </Policies>
            <DefaultRolloverStrategy max="10"/>
        </RollingFile>


        <!-- API Extension appender -->
        <RollingFile name="fileextension" fileName="${sys:path.extlogger.prop}"
                     filePattern="${sys:path.extlogger.prop}-%d{yyyy-MM-dd}-%i.log.gz">
            <PatternLayout>
                <pattern>%d{yyyy-MM-dd HH:mm:ss} %-5p %c{10}:%L - %m%n</pattern>
            </PatternLayout>
            <Policies>
                <TimeBasedTriggeringPolicy/>
                <SizeBasedTriggeringPolicy size="100 MB"/>
            </Policies>
            <DefaultRolloverStrategy max="10"/>
        </RollingFile>


        <!-- Monitoring appender -->
        <RollingFile name="filemonitor" fileName="${sys:path.monitorlogger.prop}"
                     filePattern="${sys:path.monitorlogger.prop}-%d{yyyy-MM-dd}-%i.log.gz">
            <PatternLayout>
                <pattern>%d{yyyy-MM-dd HH:mm:ss} | %c{10} %m%n</pattern>
            </PatternLayout>
            <Policies>
                <TimeBasedTriggeringPolicy/>
                <SizeBasedTriggeringPolicy size="100 MB"/>
            </Policies>
            <DefaultRolloverStrategy max="10"/>
        </RollingFile>

    </Appenders>


    <Loggers>

        <Logger name="apiauditlogger" level="DEBUG" additivity="false" includeLocation="false">
            <AppenderRef ref="fileapiaudit"/>
        </Logger>
        <Logger name="apiextensionlogger" level="DEBUG" additivity="false" includeLocation="false">
            <AppenderRef ref="fileextension"/>
        </Logger>
        <Logger name="monitordashboardlogger" level="DEBUG" additivity="false" includeLocation="false">
            <AppenderRef ref="filemonitor"/>
        </Logger>

        <Logger name="com.pingidentity" level="INFO" additivity="false" includeLocation="false">
            <!--<AppenderRef ref="console"/>-->
            <AppenderRef ref="file"/>
        </Logger>

        <Logger name="org.springframework.boot.web.embedded.jetty.JettyWebServer" level="INFO" additivity="false" includeLocation="false">
            <!--<AppenderRef ref="console"/>-->
            <AppenderRef ref="file"/>
        </Logger>

        <Logger name="springfox.documentation.schema.property.CachingModelPropertiesProvider" level="ERROR" additivity="false" includeLocation="false" />

        <Root level="WARN">
            <!--<AppenderRef ref="console"/>-->
            <AppenderRef ref="file"/>
        </Root>
    </Loggers>
</Configuration>