<?xml version="1.0" encoding="UTF-8"?>
<urn:AdapterConfiguration isInheritExtendedContractAttributes="false" name="com.pingidentity.plugins.datastore.p14c.PingOneForCustomersDataStore" xmlns:urn="urn:sourceid.org:saml2:adapter:conf">
    <urn:Fields>
        <urn:Field name="Environment ID">589e1861-4f53-48d0-afe0-143b0432980e</urn:Field>
        <urn:Field name="Client ID">9247682f-4dd4-41dd-8f4e-88228fd03d73</urn:Field>
        <urn:Field name="Client Secret">eyJhbGciOiJkaXIiLCJlbmMiOiJBMTI4Q0JDLUhTMjU2Iiwia2lkIjoiSzF5UEQwTWZ1SyIsInZlcnNpb24iOiIxMC4yLjEuMSJ9..wErhZ-oo7obYszEVzEkZEg.8cPW2mb3BvFBUSskeRQfBvjEw1vIMwmbpgJmjiH7EGM8H2scUynnxfkOnY8BwSa8ParO6rjXn-d8U_LTNkB7lc_tttD5frWT3C9ImXypQZU.oTs5c8aLh_1Eo7UBbyXWXw</urn:Field>
        <urn:Field name="PingOne API Service">https://api.pingone.com/v1</urn:Field>
        <urn:Field name="PingOne Authorization Service">https://auth.pingone.com</urn:Field>
        <urn:Field name="Read Timeout">10000</urn:Field>
        <urn:Field name="Connection Timeout">10000</urn:Field>
        <urn:Field name="Retry Request">true</urn:Field>
        <urn:Field name="Maximum Retries Limit">5</urn:Field>
        <urn:Field name="Retry Error Codes">429</urn:Field>
        <urn:Field name="Proxy Settings">System Defaults</urn:Field>
        <urn:Field name="Custom Proxy Host"/>
        <urn:Field name="Custom Proxy Port"/>
    </urn:Fields>
    <urn:AdvancedFields>
        <urn:Field name="PingOne API Service">https://api.pingone.com/v1</urn:Field>
        <urn:Field name="PingOne Authorization Service">https://auth.pingone.com</urn:Field>
        <urn:Field name="Read Timeout">10000</urn:Field>
        <urn:Field name="Connection Timeout">10000</urn:Field>
        <urn:Field name="Retry Request">true</urn:Field>
        <urn:Field name="Maximum Retries Limit">5</urn:Field>
        <urn:Field name="Retry Error Codes">429</urn:Field>
        <urn:Field name="Proxy Settings">System Defaults</urn:Field>
        <urn:Field name="Custom Proxy Host"/>
        <urn:Field name="Custom Proxy Port"/>
    </urn:AdvancedFields>
    <urn:Tables>
        <urn:Table name="Custom Attributes Details"/>
    </urn:Tables>
</urn:AdapterConfiguration>