<?xml version="1.0" encoding="UTF-8"?>
<urn:AdapterConfiguration authnCtxClassRef="" isInheritAttributeSettings="false" isInheritAttributeMapping="false" maskOgnlValues="false" uniqueUserKeyField="subject" isInheritExtendedContractAttributes="false" name="p1Verify" xmlns:urn="urn:sourceid.org:saml2:adapter:conf">
    <urn:Fields>
        <urn:Field name="PingOne Environment">cxXF0kvbm7sxPaFLmhUNOw|589e1861-4f53-48d0-afe0-143b0432980e</urn:Field>
        <urn:Field name="PingOne Population">d951484f-48f3-42ce-b917-3756a344f636</urn:Field>
        <urn:Field name="Verify App Name">P1Verify Sample</urn:Field>
        <urn:Field name="Test Username">eapplonie</urn:Field>
        <urn:Field name="HTML Template Prefix">pingone-verify</urn:Field>
        <urn:Field name="Messages Files">pingone-verify-messages</urn:Field>
        <urn:Field name="Error Message Key Prefix">pingone.verify.error.</urn:Field>
        <urn:Field name="Provision User">true</urn:Field>
        <urn:Field name="Allow Verification Retries">true</urn:Field>
        <urn:Field name="User Not Found Failure Mode">Bypass authentication</urn:Field>
        <urn:Field name="Service Unavailable Failure Mode">Bypass authentication</urn:Field>
        <urn:Field name="Show Success Screens">true</urn:Field>
        <urn:Field name="Show Failed Screens">true</urn:Field>
        <urn:Field name="Show Timeout Screens">true</urn:Field>
        <urn:Field name="State Timeout">300</urn:Field>
        <urn:Field name="API Request Timeout">5000</urn:Field>
        <urn:Field name="Proxy Settings">System Defaults</urn:Field>
        <urn:Field name="Custom Proxy Host"/>
        <urn:Field name="Custom Proxy Port"/>
    </urn:Fields>
    <urn:AdvancedFields>
        <urn:Field name="Test Username">eapplonie</urn:Field>
        <urn:Field name="HTML Template Prefix">pingone-verify</urn:Field>
        <urn:Field name="Messages Files">pingone-verify-messages</urn:Field>
        <urn:Field name="Error Message Key Prefix">pingone.verify.error.</urn:Field>
        <urn:Field name="Provision User">true</urn:Field>
        <urn:Field name="Allow Verification Retries">true</urn:Field>
        <urn:Field name="User Not Found Failure Mode">Bypass authentication</urn:Field>
        <urn:Field name="Service Unavailable Failure Mode">Bypass authentication</urn:Field>
        <urn:Field name="Show Success Screens">true</urn:Field>
        <urn:Field name="Show Failed Screens">true</urn:Field>
        <urn:Field name="Show Timeout Screens">true</urn:Field>
        <urn:Field name="State Timeout">300</urn:Field>
        <urn:Field name="API Request Timeout">5000</urn:Field>
        <urn:Field name="Proxy Settings">System Defaults</urn:Field>
        <urn:Field name="Custom Proxy Host"/>
        <urn:Field name="Custom Proxy Port"/>
    </urn:AdvancedFields>
    <urn:Tables/>
    <urn:ExtendedContractAttributes>
        <urn:AttributeName>policy.action</urn:AttributeName>
    </urn:ExtendedContractAttributes>
    <urn:UniqueKeyField>subject</urn:UniqueKeyField>
    <urn:AttributeMapping>
        <urn1:AttributeMap Name="policy.action" Type="Adapter" Value="policy.action" xmlns:urn1="urn:sourceid.org:saml2:metadata-extension:v2"/>
        <urn1:AttributeMap Name="verificationStatus" Type="Adapter" Value="verificationStatus" xmlns:urn1="urn:sourceid.org:saml2:metadata-extension:v2"/>
        <urn1:AttributeMap Name="subject" Type="Adapter" Value="subject" xmlns:urn1="urn:sourceid.org:saml2:metadata-extension:v2"/>
        <urn1:AttributeSource Id="p14c" Description="p14c" Type="Other" DataSourceId="Other-1772EC4FC5E60790ABA81FB7427DB911716F27CC" xmlns:urn1="urn:sourceid.org:saml2:metadata-extension:v2">
            <urn1:Parameter Name="Attribute" Value="username"/>
            <urn1:Parameter Name="Value" Value="${username}"/>
        </urn1:AttributeSource>
        <urn1:TokenAuthorizationIssuanceCriteria xmlns:urn1="urn:sourceid.org:saml2:metadata-extension:v2"/>
    </urn:AttributeMapping>
</urn:AdapterConfiguration>