<?xml version="1.0" encoding="UTF-8"?>
<urn:AuthnSelectionConfig lastModifiedMillis="1612372422409" enableAuthnSelection="true" enableSpAuthnSelection="false" failIfNoSelection="false" xmlns:urn="urn:pingidentity.com:pf:authn-selection">
    <urn:AuthnSelectionTrees>
        <urn:AuthnSelectionTree treeName="PingVerify" disabled="false" authnApiApp="">
            <urn:AstRoot context="">
                <urn:AstAction xsi:type="urn:AuthnSourceActionType" xmlns:xsi="http://www.w3.org/2001/XMLSchema-instance">
                    <urn:AuthnSourceKey type="ADAPTER">p14cHTMLForm</urn:AuthnSourceKey>
                    <urn:fallbackToSuccess>true</urn:fallbackToSuccess>
                    <urn:userIdAuthenticated>false</urn:userIdAuthenticated>
                </urn:AstAction>
                <urn:AstChild context="Fail">
                    <urn:AstAction noOpType="DONE" xsi:type="urn:NoOpActionType" xmlns:xsi="http://www.w3.org/2001/XMLSchema-instance"/>
                </urn:AstChild>
                <urn:AstChild context="Success">
                    <urn:AstAction xsi:type="urn:AuthnSourceActionType" xmlns:xsi="http://www.w3.org/2001/XMLSchema-instance">
                        <urn:AuthnSourceKey type="ADAPTER">p1Verify</urn:AuthnSourceKey>
                        <urn:fallbackToSuccess>true</urn:fallbackToSuccess>
                        <urn:attributeRule>
                            <urn:IncomingAttr>verificationStatus</urn:IncomingAttr>
                            <urn:Operand>EQUALS</urn:Operand>
                            <urn:ExpectedValue>SUCCESS</urn:ExpectedValue>
                            <urn:Result>VerificationSuccess</urn:Result>
                        </urn:attributeRule>
                        <urn:attributeRule>
                            <urn:IncomingAttr>verificationStatus</urn:IncomingAttr>
                            <urn:Operand>EQUALS</urn:Operand>
                            <urn:ExpectedValue>BYPASS</urn:ExpectedValue>
                            <urn:Result>VerificationBypass</urn:Result>
                        </urn:attributeRule>
                        <urn:InputIdMapping Type="Adapter" AttributeSourceId="p14cHTMLForm" Value="username"/>
                        <urn:userIdAuthenticated>true</urn:userIdAuthenticated>
                    </urn:AstAction>
                    <urn:AstChild context="Fail">
                        <urn:AstAction noOpType="DONE" xsi:type="urn:NoOpActionType" xmlns:xsi="http://www.w3.org/2001/XMLSchema-instance"/>
                    </urn:AstChild>
                    <urn:AstChild context="VerificationSuccess">
                        <urn:AstAction apcId="H3cFmKHN2PxxiA3M" xsi:type="urn:ApcMappingActionType" xmlns:xsi="http://www.w3.org/2001/XMLSchema-instance">
                            <urn:AttributeMapping>
                                <urn1:AttributeMap Name="subject" Type="Adapter" AttributeSourceId="p1Verify" Value="subject" xmlns:urn1="urn:sourceid.org:saml2:metadata-extension:v2"/>
                                <urn1:AttributeSource Id="p14c" Description="p14c" Type="Other" DataSourceId="Other-1772EC4FC5E60790ABA81FB7427DB911716F27CC" xmlns:urn1="urn:sourceid.org:saml2:metadata-extension:v2">
                                    <urn1:Parameter Name="Attribute" Value="username"/>
                                    <urn1:Parameter Name="Value" Value="${username}"/>
                                </urn1:AttributeSource>
                                <urn1:TokenAuthorizationIssuanceCriteria xmlns:urn1="urn:sourceid.org:saml2:metadata-extension:v2"/>
                            </urn:AttributeMapping>
                        </urn:AstAction>
                    </urn:AstChild>
                    <urn:AstChild context="VerificationBypass">
                        <urn:AstAction apcId="H3cFmKHN2PxxiA3M" xsi:type="urn:ApcMappingActionType" xmlns:xsi="http://www.w3.org/2001/XMLSchema-instance">
                            <urn:AttributeMapping>
                                <urn1:AttributeMap Name="subject" Type="Adapter" AttributeSourceId="p1Verify" Value="subject" xmlns:urn1="urn:sourceid.org:saml2:metadata-extension:v2"/>
                                <urn1:AttributeSource Id="p14c" Description="p14c" Type="Other" DataSourceId="Other-1772EC4FC5E60790ABA81FB7427DB911716F27CC" xmlns:urn1="urn:sourceid.org:saml2:metadata-extension:v2">
                                    <urn1:Parameter Name="Attribute" Value="username"/>
                                    <urn1:Parameter Name="Value" Value="${username}"/>
                                </urn1:AttributeSource>
                                <urn1:TokenAuthorizationIssuanceCriteria xmlns:urn1="urn:sourceid.org:saml2:metadata-extension:v2"/>
                            </urn:AttributeMapping>
                        </urn:AstAction>
                    </urn:AstChild>
                    <urn:AstChild context="Success">
                        <urn:AstAction noOpType="DONE" xsi:type="urn:NoOpActionType" xmlns:xsi="http://www.w3.org/2001/XMLSchema-instance"/>
                    </urn:AstChild>
                </urn:AstChild>
            </urn:AstRoot>
        </urn:AuthnSelectionTree>
        <urn:AuthnSelectionTree treeName="Default AuthN Policy" disabled="false" authnApiApp="">
            <urn:AstRoot context="">
                <urn:AstAction xsi:type="urn:AuthnSourceActionType" xmlns:xsi="http://www.w3.org/2001/XMLSchema-instance">
                    <urn:AuthnSourceKey type="ADAPTER">HTMLFormPD</urn:AuthnSourceKey>
                    <urn:fallbackToSuccess>true</urn:fallbackToSuccess>
                    <urn:userIdAuthenticated>false</urn:userIdAuthenticated>
                </urn:AstAction>
                <urn:AstChild context="Fail">
                    <urn:AstAction noOpType="DONE" xsi:type="urn:NoOpActionType" xmlns:xsi="http://www.w3.org/2001/XMLSchema-instance"/>
                </urn:AstChild>
                <urn:AstChild context="Success">
                    <urn:AstAction xsi:type="urn:AuthnSourceActionType" xmlns:xsi="http://www.w3.org/2001/XMLSchema-instance">
                        <urn:AuthnSourceKey type="ADAPTER">p1Verify</urn:AuthnSourceKey>
                        <urn:fallbackToSuccess>true</urn:fallbackToSuccess>
                        <urn:attributeRule>
                            <urn:IncomingAttr>verificationStatus</urn:IncomingAttr>
                            <urn:Operand>EQUALS</urn:Operand>
                            <urn:ExpectedValue>SUCCESS</urn:ExpectedValue>
                            <urn:Result>VerificationSuccesss</urn:Result>
                        </urn:attributeRule>
                        <urn:InputIdMapping Type="Adapter" AttributeSourceId="HTMLFormPD" Value="username"/>
                        <urn:userIdAuthenticated>true</urn:userIdAuthenticated>
                    </urn:AstAction>
                    <urn:AstChild context="Fail">
                        <urn:AstAction noOpType="DONE" xsi:type="urn:NoOpActionType" xmlns:xsi="http://www.w3.org/2001/XMLSchema-instance"/>
                    </urn:AstChild>
                    <urn:AstChild context="VerificationSuccesss">
                        <urn:AstAction noOpType="DONE" xsi:type="urn:NoOpActionType" xmlns:xsi="http://www.w3.org/2001/XMLSchema-instance"/>
                    </urn:AstChild>
                    <urn:AstChild context="Success">
                        <urn:AstAction noOpType="DONE" xsi:type="urn:NoOpActionType" xmlns:xsi="http://www.w3.org/2001/XMLSchema-instance"/>
                    </urn:AstChild>
                </urn:AstChild>
            </urn:AstRoot>
        </urn:AuthnSelectionTree>
    </urn:AuthnSelectionTrees>
    <urn:DefaultAuthnSources>
        <urn:AuthnSourceKey type="ADAPTER">p1Verify</urn:AuthnSourceKey>
    </urn:DefaultAuthnSources>
</urn:AuthnSelectionConfig>