<?xml version="1.0" encoding="UTF-8"?>
<sk:systemKeys xmlns:sk="http://pingidentity.com/2018/01/system-keys">
    <sk:currentKey>
        <sk:key>eyJhbGciOiJkaXIiLCJlbmMiOiJBMTI4Q0JDLUhTMjU2Iiwia2lkIjoiSzF5UEQwTWZ1SyIsInZlcnNpb24iOiIxMC4yLjEuMSIsInppcCI6IkRFRiJ9..F3rh4CxT4l1Z-zzVoR1CbA.yEavx9xUisX82fFHb3T6mRcR0JhpZieGeb2ft-NtN3tM9d1CUQlaHRVCTpFs0Br3.xOgSXP59HZ_0RRgORuDUug</sk:key>
        <sk:generatedTime>2019-01-28T03:10:17.926Z</sk:generatedTime>
    </sk:currentKey>
    <sk:previousKey xsi:nil="true" xmlns:xsi="http://www.w3.org/2001/XMLSchema-instance"/>
    <sk:pendingKey>
        <sk:key>eyJhbGciOiJkaXIiLCJlbmMiOiJBMTI4Q0JDLUhTMjU2Iiwia2lkIjoiSzF5UEQwTWZ1SyIsInZlcnNpb24iOiIxMC4yLjEuMSIsInppcCI6IkRFRiJ9..eNI0NVueyu-_eYN1PwXMjg.Y5QK-YEZmRDfOQ-PxxK1TkAC2l1qNLti4Sa_uCuSpoV2JDkx_XfbdnxGN6IHQS8M.tkVuL2dSXUiUDj1K0Wq_gw</sk:key>
        <sk:generatedTime>2019-01-28T03:10:17.928Z</sk:generatedTime>
    </sk:pendingKey>
</sk:systemKeys>